Date,Open (Spot Price USD),High (Spot Price USD),Low (Spot Price USD),Close (Spot Price USD),"('Date', '')","('Open (Spot Price USD)', 'GC=F')","('High (Spot Price USD)', 'GC=F')","('Low (Spot Price USD)', 'GC=F')","('Close (Spot Price USD)', 'GC=F')"
,GC=F,GC=F,GC=F,GC=F,,,,,
2020-01-02,1518.1,1528.7,1518.0,1524.5,,,,,
2020-01-03,1530.1,1552.7,1530.1,1549.2,,,,,
2020-01-06,1580.0,1580.0,1560.4,1566.2,,,,,
2020-01-07,1558.3,1576.3,1558.3,1571.8,,,,,
2020-01-08,1579.7,1604.2,1552.3,1557.4,,,,,
2020-01-09,1555.7,1555.7,1543.3,1551.7,,,,,
2020-01-10,1551.2,1558.8,1545.4,1557.5,,,,,
2020-01-13,1557.4,1558.0,1548.4,1548.4,,,,,
2020-01-14,1546.7,1546.7,1534.9,1542.4,,,,,
2020-01-15,1548.0,1553.9,1545.6,1552.1,,,,,
2020-01-16,1555.7,1556.1,1548.5,1549.0,,,,,
2020-01-17,1554.1,1558.8,1553.6,1558.8,,,,,
2020-01-21,1559.3,1566.2,1551.0,1556.4,,,,,
2020-01-22,1549.8,1557.1,1549.8,1555.3,,,,,
2020-01-23,1553.1,1564.6,1552.2,1564.6,,,,,
2020-01-24,1556.3,1571.1,1556.3,1571.1,,,,,
2020-01-27,1584.3,1584.5,1576.8,1576.8,,,,,
2020-01-28,1576.4,1576.4,1569.2,1569.2,,,,,
2020-01-29,1569.8,1569.8,1569.8,1569.8,,,,,
2020-01-30,1576.8,1585.0,1571.4,1583.5,,,,,
2020-01-31,1573.4,1589.0,1570.0,1582.9,,,,,
2020-02-03,1592.9,1593.3,1568.2,1577.2,,,,,
2020-02-04,1577.7,1577.7,1547.8,1550.4,,,,,
2020-02-05,1553.2,1560.7,1547.7,1557.8,,,,,
2020-02-06,1553.6,1565.6,1551.6,1565.1,,,,,
2020-02-07,1564.9,1571.9,1560.5,1568.6,,,,,
2020-02-10,1569.3,1574.7,1568.6,1574.7,,,,,
2020-02-11,1570.9,1571.1,1561.9,1565.6,,,,,
2020-02-12,1565.2,1568.7,1561.0,1567.4,,,,,
2020-02-13,1570.2,1575.1,1570.2,1575.1,,,,,
2020-02-14,1575.8,1582.7,1574.8,1582.7,,,,,
2020-02-18,1579.8,1604.3,1579.8,1600.0,,,,,
2020-02-19,1600.6,1610.5,1599.7,1607.5,,,,,
2020-02-20,1606.5,1621.0,1603.0,1616.6,,,,,
2020-02-21,1619.3,1645.0,1619.3,1644.6,,,,,
2020-02-24,1657.0,1686.6,1650.0,1672.4,,,,,
2020-02-25,1645.1,1653.7,1632.3,1646.9,,,,,
2020-02-26,1644.0,1648.1,1636.4,1640.0,,,,,
2020-02-27,1641.1,1658.0,1638.5,1640.0,,,,,
2020-02-28,1640.3,1642.5,1564.1,1564.1,,,,,
2020-03-02,1583.9,1608.3,1574.3,1592.3,,,,,
2020-03-03,1594.5,1645.3,1594.0,1642.1,,,,,
2020-03-04,1645.4,1645.9,1631.3,1641.1,,,,,
2020-03-05,1637.3,1672.9,1637.2,1666.4,,,,,
2020-03-06,1670.8,1686.2,1647.2,1670.8,,,,,
2020-03-09,1696.1,1701.6,1657.7,1674.5,,,,,
2020-03-10,1671.6,1674.6,1643.0,1659.1,,,,,
2020-03-11,1656.6,1666.5,1635.0,1641.4,,,,,
2020-03-12,1637.0,1647.5,1566.4,1589.3,,,,,
2020-03-13,1574.9,1589.8,1513.8,1515.7,,,,,
2020-03-16,1569.1,1569.1,1452.1,1485.9,,,,,
2020-03-17,1469.3,1537.7,1469.3,1524.9,,,,,
2020-03-18,1537.5,1542.0,1477.3,1477.3,,,,,
2020-03-19,1481.5,1491.6,1471.0,1478.6,,,,,
2020-03-20,1483.5,1484.0,1483.5,1484.0,,,,,
2020-03-23,1505.3,1567.0,1490.2,1567.0,,,,,
2020-03-24,1592.7,1685.5,1592.7,1660.2,,,,,
2020-03-25,1676.5,1676.5,1631.1,1632.3,,,,,
2020-03-26,1660.5,1660.5,1650.1,1650.1,,,,,
2020-03-27,1623.9,1623.9,1623.9,1623.9,,,,,
2020-03-30,1641.2,1652.8,1607.2,1622.0,,,,,
2020-03-31,1618.7,1621.0,1576.0,1583.4,,,,,
2020-04-01,1570.0,1600.0,1570.0,1578.2,,,,,
2020-04-02,1590.9,1631.2,1586.0,1625.7,,,,,
2020-04-03,1624.5,1636.0,1619.8,1633.7,,,,,
2020-04-06,1629.1,1696.7,1625.9,1677.0,,,,,
2020-04-07,1695.7,1724.4,1658.0,1664.8,,,,,
2020-04-08,1669.7,1677.0,1662.5,1665.4,,,,,
2020-04-09,1662.7,1736.2,1662.7,1736.2,,,,,
2020-04-13,1722.0,1756.8,1710.7,1744.8,,,,,
2020-04-14,1756.8,1775.0,1739.5,1756.7,,,,,
2020-04-15,1739.4,1744.9,1722.7,1727.2,,,,,
2020-04-16,1731.0,1750.6,1715.0,1720.4,,,,,
2020-04-17,1715.7,1725.0,1684.9,1689.2,,,,,
2020-04-20,1686.0,1701.6,1680.0,1701.6,,,,,
2020-04-21,1697.0,1707.1,1659.9,1678.2,,,,,
2020-04-22,1696.0,1728.7,1684.8,1728.7,,,,,
2020-04-23,1734.0,1745.1,1733.3,1733.3,,,,,
2020-04-24,1744.0,1744.0,1714.5,1723.5,,,,,
2020-04-27,1731.9,1731.9,1711.9,1711.9,,,,,
2020-04-28,1716.6,1716.6,1707.1,1710.5,,,,,
2020-04-29,1710.0,1713.5,1702.0,1703.4,,,,,
2020-04-30,1719.3,1719.3,1680.8,1684.2,,,,,
2020-05-01,1686.6,1701.5,1670.5,1694.5,,,,,
2020-05-04,1702.6,1709.0,1699.6,1706.9,,,,,
2020-05-05,1701.5,1704.4,1697.2,1704.4,,,,,
2020-05-06,1704.0,1704.0,1684.2,1684.2,,,,,
2020-05-07,1686.2,1721.8,1685.6,1721.8,,,,,
2020-05-08,1726.2,1728.9,1703.8,1709.9,,,,,
2020-05-11,1702.3,1704.5,1690.2,1695.3,,,,,
2020-05-12,1699.3,1713.1,1699.3,1704.4,,,,,
2020-05-13,1702.0,1721.3,1701.9,1713.9,,,,,
2020-05-14,1724.3,1743.1,1720.5,1738.1,,,,,
2020-05-15,1739.7,1753.4,1739.7,1753.4,,,,,
2020-05-18,1755.7,1770.5,1731.8,1731.8,,,,,
2020-05-19,1744.2,1749.5,1744.2,1744.2,,,,,
2020-05-20,1751.6,1752.1,1745.6,1750.6,,,,,
2020-05-21,1746.8,1746.8,1720.5,1720.5,,,,,
2020-05-22,1726.6,1734.6,1726.6,1734.6,,,,,
2020-05-26,1726.4,1726.4,1704.8,1704.8,,,,,
2020-05-27,1685.6,1710.3,1685.6,1710.3,,,,,
2020-05-28,1709.3,1727.8,1705.0,1713.3,,,,,
2020-05-29,1718.8,1738.3,1715.1,1736.9,,,,,
2020-06-01,1740.4,1747.0,1727.1,1737.8,,,,,
2020-06-02,1743.0,1745.5,1721.8,1725.2,,,,,
2020-06-03,1726.3,1726.3,1684.5,1697.8,,,,,
2020-06-04,1694.5,1718.9,1694.5,1718.9,,,,,
2020-06-05,1711.8,1711.8,1668.6,1676.2,,,,,
2020-06-08,1679.1,1699.4,1675.9,1698.3,,,,,
2020-06-09,1694.6,1720.9,1692.0,1714.7,,,,,
2020-06-10,1716.1,1740.8,1711.9,1713.3,,,,,
2020-06-11,1737.2,1744.1,1720.0,1732.0,,,,,
2020-06-12,1724.9,1743.0,1724.9,1729.3,,,,,
2020-06-15,1730.0,1730.0,1703.3,1720.3,,,,,
2020-06-16,1726.3,1729.6,1722.4,1729.6,,,,,
2020-06-17,1714.7,1729.2,1714.7,1729.2,,,,,
2020-06-18,1730.5,1734.1,1717.3,1724.8,,,,,
2020-06-19,1723.7,1750.7,1723.5,1745.9,,,,,
2020-06-22,1755.2,1767.6,1750.5,1756.7,,,,,
2020-06-23,1755.4,1776.3,1754.2,1772.1,,,,,
2020-06-24,1778.3,1783.1,1764.5,1765.8,,,,,
2020-06-25,1761.7,1764.8,1759.8,1762.1,,,,,
2020-06-26,1766.0,1772.5,1764.7,1772.5,,,,,
2020-06-29,1779.8,1780.2,1774.3,1774.8,,,,,
2020-06-30,1777.3,1793.2,1774.4,1793.0,,,,,
2020-07-01,1793.6,1798.0,1765.8,1773.2,,,,,
2020-07-02,1773.4,1784.0,1768.7,1784.0,,,,,
2020-07-06,1788.2,1790.1,1788.2,1788.5,,,,,
2020-07-07,1789.3,1804.2,1783.3,1804.2,,,,,
2020-07-08,1801.5,1817.9,1801.5,1815.5,,,,,
2020-07-09,1816.1,1819.8,1799.2,1799.2,,,,,
2020-07-10,1805.5,1805.5,1797.7,1798.2,,,,,
2020-07-13,1805.0,1811.0,1805.0,1811.0,,,,,
2020-07-14,1791.0,1811.5,1791.0,1810.6,,,,,
2020-07-15,1806.1,1813.5,1806.1,1811.4,,,,,
2020-07-16,1810.9,1810.9,1794.3,1798.7,,,,,
2020-07-17,1798.5,1810.1,1798.5,1808.3,,,,,
2020-07-20,1807.0,1817.3,1807.0,1815.9,,,,,
2020-07-21,1822.0,1842.4,1822.0,1842.4,,,,,
2020-07-22,1858.1,1867.0,1854.7,1864.1,,,,,
2020-07-23,1868.7,1890.3,1868.5,1889.1,,,,,
2020-07-24,1884.3,1897.3,1884.3,1897.3,,,,,
2020-07-27,1901.7,1938.0,1901.5,1931.0,,,,,
2020-07-28,1931.5,1944.7,1928.6,1944.7,,,,,
2020-07-29,1953.2,1953.5,1952.6,1953.5,,,,,
2020-07-30,1963.4,1965.1,1930.0,1942.3,,,,,
2020-07-31,1948.6,1981.1,1948.0,1962.8,,,,,
2020-08-03,1984.3,1984.3,1955.5,1966.0,,,,,
2020-08-04,1971.0,2016.2,1968.8,2001.2,,,,,
2020-08-05,2024.0,2050.2,2011.0,2031.1,,,,,
2020-08-06,2045.5,2063.0,2040.0,2051.5,,,,,
2020-08-07,2040.1,2055.0,2009.6,2010.1,,,,,
2020-08-10,2026.4,2043.8,2017.5,2024.4,,,,,
2020-08-11,2012.4,2016.0,1904.0,1932.6,,,,,
2020-08-12,1923.0,1946.6,1871.6,1934.9,,,,,
2020-08-13,1921.5,1957.4,1916.9,1956.7,,,,,
2020-08-14,1938.7,1947.4,1937.0,1937.0,,,,,
2020-08-17,1949.6,1985.0,1949.6,1985.0,,,,,
2020-08-18,2001.1,2002.8,1972.1,1999.4,,,,,
2020-08-19,1980.0,1980.0,1938.7,1958.7,,,,,
2020-08-20,1941.2,1948.3,1922.3,1933.8,,,,,
2020-08-21,1941.0,1945.0,1908.9,1934.6,,,,,
2020-08-24,1930.2,1940.0,1922.2,1927.7,,,,,
2020-08-25,1927.5,1928.5,1911.8,1911.8,,,,,
2020-08-26,1909.7,1950.8,1909.7,1940.7,,,,,
2020-08-27,1948.9,1972.5,1921.6,1921.6,,,,,
2020-08-28,1927.1,1971.3,1922.5,1964.6,,,,,
2020-08-31,1970.0,1971.3,1953.3,1967.6,,,,,
2020-09-01,1961.7,1986.3,1961.7,1968.2,,,,,
2020-09-02,1967.3,1967.3,1934.4,1934.4,,,,,
2020-09-03,1937.1,1938.8,1923.0,1927.6,,,,,
2020-09-04,1927.9,1939.7,1917.7,1923.9,,,,,
2020-09-08,1930.9,1937.9,1903.1,1933.0,,,,,
2020-09-09,1926.9,1946.2,1924.6,1944.7,,,,,
2020-09-10,1944.1,1962.7,1944.1,1954.2,,,,,
2020-09-11,1944.0,1949.5,1937.8,1937.8,,,,,
2020-09-14,1946.3,1953.1,1943.0,1953.1,,,,,
2020-09-15,1955.8,1968.5,1955.8,1956.3,,,,,
2020-09-16,1961.3,1961.4,1956.7,1960.2,,,,,
2020-09-17,1939.0,1946.0,1933.7,1940.0,,,,,
2020-09-18,1950.5,1952.1,1949.0,1952.1,,,,,
2020-09-21,1946.2,1946.2,1883.4,1901.2,,,,,
2020-09-22,1913.1,1913.1,1898.6,1898.6,,,,,
2020-09-23,1875.5,1875.5,1859.9,1859.9,,,,,
2020-09-24,1851.5,1868.3,1851.5,1868.3,,,,,
2020-09-25,1856.3,1857.7,1856.3,1857.7,,,,,
2020-09-28,1872.8,1872.8,1872.8,1872.8,,,,,
2020-09-29,1876.5,1895.4,1872.4,1894.3,,,,,
2020-09-30,1893.0,1899.7,1879.8,1887.5,,,,,
2020-10-01,1884.1,1909.6,1882.5,1908.4,,,,,
2020-10-02,1893.9,1913.0,1893.9,1900.2,,,,,
2020-10-05,1898.9,1915.6,1884.7,1912.5,,,,,
2020-10-06,1906.6,1918.0,1874.4,1901.1,,,,,
2020-10-07,1874.1,1889.8,1873.1,1883.6,,,,,
2020-10-08,1893.0,1893.0,1882.7,1888.6,,,,,
2020-10-09,1909.3,1929.1,1905.1,1919.5,,,,,
2020-10-12,1924.0,1926.5,1921.6,1922.5,,,,,
2020-10-13,1921.9,1922.2,1887.0,1888.5,,,,,
2020-10-14,1889.7,1910.8,1882.5,1901.3,,,,,
2020-10-15,1897.3,1906.3,1889.6,1903.2,,,,,
2020-10-16,1898.5,1900.8,1898.5,1900.8,,,,,
2020-10-19,1907.3,1907.8,1899.5,1906.4,,,,,
2020-10-20,1901.3,1910.4,1896.1,1910.4,,,,,
2020-10-21,1913.6,1927.3,1913.6,1924.6,,,,,
2020-10-22,1924.3,1924.3,1898.2,1901.1,,,,,
2020-10-23,1899.9,1913.3,1896.2,1902.0,,,,,
2020-10-26,1895.5,1907.0,1893.5,1902.7,,,,,
2020-10-27,1904.6,1908.8,1904.4,1908.8,,,,,
2020-10-28,1870.9,1876.2,1870.9,1876.2,,,,,
2020-10-29,1876.1,1879.8,1858.8,1865.6,,,,,
2020-10-30,1862.8,1886.6,1862.8,1877.4,,,,,
2020-11-02,1872.9,1894.7,1872.9,1890.4,,,,,
2020-11-03,1891.5,1908.5,1891.5,1908.5,,,,,
2020-11-04,1893.8,1907.0,1885.3,1894.6,,,,,
2020-11-05,1901.7,1948.0,1901.7,1945.3,,,,,
2020-11-06,1940.8,1958.8,1940.8,1950.3,,,,,
2020-11-09,1955.6,1963.2,1847.1,1853.2,,,,,
2020-11-10,1879.3,1885.3,1871.2,1875.4,,,,,
2020-11-11,1878.8,1878.8,1855.5,1860.7,,,,,
2020-11-12,1869.0,1878.5,1866.6,1872.6,,,,,
2020-11-13,1877.0,1890.1,1876.8,1885.7,,,,,
2020-11-16,1874.6,1887.3,1871.0,1887.3,,,,,
2020-11-17,1888.4,1888.4,1884.5,1884.5,,,,,
2020-11-18,1873.5,1873.5,1873.5,1873.5,,,,,
2020-11-19,1865.8,1865.8,1856.0,1861.1,,,,,
2020-11-20,1871.2,1872.6,1871.2,1872.6,,,,,
2020-11-23,1834.8,1837.8,1829.2,1837.8,,,,,
2020-11-24,1829.3,1829.3,1799.3,1804.8,,,,,
2020-11-25,1801.4,1805.7,1801.4,1805.7,,,,,
2020-11-27,1806.1,1817.0,1770.7,1781.9,,,,,
2020-11-30,1785.0,1787.2,1762.3,1775.7,,,,,
2020-12-01,1775.0,1815.9,1774.9,1814.1,,,,,
2020-12-02,1811.3,1830.0,1807.8,1825.7,,,,,
2020-12-03,1829.2,1842.0,1825.3,1836.8,,,,,
2020-12-04,1840.7,1847.6,1828.2,1835.9,,,,,
2020-12-07,1836.5,1866.9,1820.8,1861.8,,,,,
2020-12-08,1863.0,1875.8,1861.8,1870.8,,,,,
2020-12-09,1867.1,1867.1,1827.0,1834.6,,,,,
2020-12-10,1833.2,1849.1,1828.0,1833.6,,,,,
2020-12-11,1838.5,1846.0,1829.1,1839.8,,,,,
2020-12-14,1835.5,1835.7,1822.7,1828.7,,,,,
2020-12-15,1833.5,1853.6,1833.2,1852.3,,,,,
2020-12-16,1856.5,1864.7,1850.5,1856.1,,,,,
2020-12-17,1874.2,1896.2,1874.2,1887.2,,,,,
2020-12-18,1882.4,1889.5,1882.3,1885.7,,,,,
2020-12-21,1884.8,1908.0,1869.1,1879.2,,,,,
2020-12-22,1882.2,1882.2,1861.0,1866.6,,,,,
2020-12-23,1867.0,1878.8,1864.5,1874.7,,,,,
2020-12-24,1877.3,1879.9,1875.7,1879.9,,,,,
2020-12-28,1895.5,1895.8,1873.7,1877.2,,,,,
2020-12-29,1881.3,1881.3,1879.7,1879.7,,,,,
2020-12-30,1879.9,1895.8,1877.3,1891.0,,,,,
2020-12-31,1897.0,1901.3,1892.7,1893.1,,,,,
2021-01-04,1912.2,1945.1,1912.2,1944.7,,,,,
2021-01-05,1941.7,1952.7,1941.3,1952.7,,,,,
2021-01-06,1952.0,1959.9,1901.5,1906.9,,,,,
2021-01-07,1922.6,1926.7,1912.0,1912.3,,,,,
2021-01-08,1908.0,1908.0,1834.1,1834.1,,,,,
2021-01-11,1826.5,1849.6,1826.5,1849.6,,,,,
2021-01-12,1849.0,1859.7,1839.4,1842.9,,,,,
2021-01-13,1858.0,1858.6,1853.6,1853.6,,,,,
2021-01-14,1836.7,1850.7,1836.7,1850.3,,,,,
2021-01-15,1829.4,1829.4,1825.0,1829.3,,,,,
2021-01-19,1802.0,1842.9,1802.0,1839.5,,,,,
2021-01-20,1847.8,1866.6,1844.4,1865.9,,,,,
2021-01-21,1865.3,1868.0,1865.3,1865.3,,,,,
2021-01-22,1854.9,1855.7,1852.7,1855.7,,,,,
2021-01-25,1864.7,1864.7,1851.8,1854.9,,,,,
2021-01-26,1855.8,1855.8,1850.7,1850.7,,,,,
2021-01-27,1844.9,1844.9,1844.9,1844.9,,,,,
2021-01-28,1843.4,1862.9,1831.5,1837.9,,,,,
2021-01-29,1842.0,1876.0,1838.7,1847.3,,,,,
2021-02-01,1866.6,1871.9,1850.0,1860.8,,,,,
2021-02-02,1859.6,1861.3,1827.6,1830.5,,,,,
2021-02-03,1834.8,1842.4,1829.8,1832.2,,,,,
2021-02-04,1832.2,1832.2,1782.8,1788.9,,,,,
2021-02-05,1794.3,1813.5,1790.9,1810.9,,,,,
2021-02-08,1816.3,1836.7,1809.0,1831.9,,,,,
2021-02-09,1841.9,1843.3,1830.7,1835.3,,,,,
2021-02-10,1842.6,1851.1,1837.0,1840.6,,,,,
2021-02-11,1840.5,1845.0,1820.9,1824.9,,,,,
2021-02-12,1825.0,1827.5,1809.2,1821.6,,,,,
2021-02-16,1820.9,1823.4,1787.3,1797.2,,,,,
2021-02-17,1785.8,1789.7,1768.8,1771.1,,,,,
2021-02-18,1776.1,1784.6,1766.0,1773.4,,,,,
2021-02-19,1764.3,1787.6,1764.3,1775.8,,,,,
2021-02-22,1784.0,1807.8,1784.0,1806.7,,,,,
2021-02-23,1809.6,1811.3,1796.4,1804.4,,,,,
2021-02-24,1805.8,1805.8,1796.4,1796.4,,,,,
2021-02-25,1801.5,1802.0,1766.7,1774.4,,,,,
2021-02-26,1768.1,1768.2,1718.8,1728.1,,,,,
2021-03-01,1737.1,1747.0,1720.3,1722.5,,,,,
2021-03-02,1709.4,1733.1,1708.7,1733.1,,,,,
2021-03-03,1730.0,1732.4,1703.5,1715.3,,,,,
2021-03-04,1706.5,1717.4,1700.2,1700.2,,,,,
2021-03-05,1690.6,1701.0,1685.0,1698.0,,,,,
2021-03-08,1704.7,1705.4,1673.7,1677.7,,,,,
2021-03-09,1686.2,1717.5,1685.2,1716.6,,,,,
2021-03-10,1713.6,1722.9,1711.0,1721.5,,,,,
2021-03-11,1725.6,1737.5,1720.2,1722.3,,,,,
2021-03-12,1715.9,1722.5,1699.0,1719.5,,,,,
2021-03-15,1729.5,1731.9,1722.8,1728.9,,,,,
2021-03-16,1732.3,1733.9,1726.0,1730.6,,,,,
2021-03-17,1735.3,1750.1,1725.6,1726.8,,,,,
2021-03-18,1745.8,1750.3,1721.8,1732.2,,,,,
2021-03-19,1742.2,1742.2,1733.6,1741.4,,,,,
2021-03-22,1737.8,1737.8,1737.8,1737.8,,,,,
2021-03-23,1724.7,1724.7,1724.7,1724.7,,,,,
2021-03-24,1727.5,1732.9,1727.5,1732.9,,,,,
2021-03-25,1732.7,1733.2,1724.5,1724.9,,,,,
2021-03-26,1721.3,1732.2,1721.3,1732.2,,,,,
2021-03-29,1712.1,1712.1,1712.1,1712.1,,,,,
2021-03-30,1711.0,1712.6,1676.5,1683.9,,,,,
2021-03-31,1683.7,1713.8,1676.5,1713.8,,,,,
2021-04-01,1706.8,1728.8,1706.4,1726.5,,,,,
2021-04-05,1727.9,1729.7,1721.9,1727.0,,,,,
2021-04-06,1726.9,1744.8,1726.9,1741.5,,,,,
2021-04-07,1742.7,1742.7,1733.7,1740.1,,,,,
2021-04-08,1736.0,1758.0,1734.6,1756.8,,,,,
2021-04-09,1750.8,1750.8,1733.3,1743.3,,,,,
2021-04-12,1740.8,1740.8,1726.7,1731.2,,,,,
2021-04-13,1733.8,1746.9,1722.1,1746.2,,,,,
2021-04-14,1741.3,1745.9,1732.7,1734.9,,,,,
2021-04-15,1740.1,1767.9,1740.1,1765.4,,,,,
2021-04-16,1770.4,1779.5,1770.1,1779.0,,,,,
2021-04-19,1782.1,1788.5,1769.4,1769.4,,,,,
2021-04-20,1769.3,1777.3,1765.5,1777.3,,,,,
2021-04-21,1783.0,1794.1,1777.7,1792.3,,,,,
2021-04-22,1794.2,1794.2,1779.5,1781.2,,,,,
2021-04-23,1786.1,1794.5,1772.0,1777.0,,,,,
2021-04-26,1778.0,1779.7,1770.8,1779.2,,,,,
2021-04-27,1780.0,1782.0,1777.7,1778.0,,,,,
2021-04-28,1768.2,1774.0,1764.6,1773.2,,,,,
2021-04-29,1781.0,1789.0,1758.6,1768.1,,,,,
2021-04-30,1771.8,1771.8,1763.9,1767.3,,,,,
2021-05-03,1788.5,1793.0,1788.5,1791.4,,,,,
2021-05-04,1788.2,1788.5,1774.8,1775.8,,,,,
2021-05-05,1781.5,1784.1,1779.2,1784.1,,,,,
2021-05-06,1788.9,1815.5,1787.6,1815.5,,,,,
2021-05-07,1842.9,1842.9,1831.1,1831.1,,,,,
2021-05-10,1835.6,1845.6,1835.4,1837.5,,,,,
2021-05-11,1837.2,1838.1,1831.6,1835.9,,,,,
2021-05-12,1825.2,1825.2,1821.7,1822.6,,,,,
2021-05-13,1814.7,1826.8,1814.1,1823.8,,,,,
2021-05-14,1824.5,1842.9,1824.5,1837.9,,,,,
2021-05-17,1849.9,1867.5,1847.2,1867.5,,,,,
2021-05-18,1870.5,1870.5,1867.8,1867.8,,,,,
2021-05-19,1866.4,1884.9,1863.6,1881.3,,,,,
2021-05-20,1865.5,1885.0,1864.8,1881.8,,,,,
2021-05-21,1872.1,1876.7,1872.1,1876.7,,,,,
2021-05-24,1882.1,1884.6,1882.1,1884.6,,,,,
2021-05-25,1882.5,1898.1,1882.5,1898.1,,,,,
2021-05-26,1901.3,1901.3,1901.3,1901.3,,,,,
2021-05-27,1896.8,1903.9,1888.2,1895.7,,,,,
2021-05-28,1897.5,1905.4,1881.9,1902.5,,,,,
2021-06-01,1905.1,1916.2,1892.8,1902.9,,,,,
2021-06-02,1899.2,1908.8,1896.0,1907.5,,,,,
2021-06-03,1908.8,1908.8,1865.0,1871.2,,,,,
2021-06-04,1869.3,1895.5,1854.0,1889.8,,,,,
2021-06-07,1890.5,1899.7,1883.2,1896.8,,,,,
2021-06-08,1896.5,1902.9,1890.0,1892.2,,,,,
2021-06-09,1894.9,1897.7,1889.2,1893.2,,,,,
2021-06-10,1887.7,1899.8,1871.5,1894.2,,,,,
2021-06-11,1900.9,1902.3,1875.2,1877.4,,,,,
2021-06-14,1866.2,1866.6,1846.5,1864.0,,,,,
2021-06-15,1866.4,1867.2,1854.4,1854.5,,,,,
2021-06-16,1859.4,1860.1,1809.2,1859.5,,,,,
2021-06-17,1811.8,1823.3,1769.6,1773.8,,,,,
2021-06-18,1775.7,1792.4,1767.9,1767.9,,,,,
2021-06-21,1768.8,1785.2,1766.8,1781.8,,,,,
2021-06-22,1783.4,1786.9,1775.9,1776.3,,,,,
2021-06-23,1780.7,1793.2,1780.6,1782.3,,,,,
2021-06-24,1778.9,1786.4,1775.6,1775.6,,,,,
2021-06-25,1777.7,1788.0,1775.2,1776.6,,,,,
2021-06-28,1779.6,1779.6,1779.6,1779.6,,,,,
2021-06-29,1776.8,1777.1,1752.1,1762.8,,,,,
2021-06-30,1761.1,1770.8,1759.2,1770.8,,,,,
2021-07-01,1775.7,1781.2,1768.8,1775.9,,,,,
2021-07-02,1778.7,1787.9,1778.3,1782.6,,,,,
2021-07-06,1786.7,1809.8,1786.7,1793.5,,,,,
2021-07-07,1798.7,1808.4,1797.2,1801.5,,,,,
2021-07-08,1797.0,1818.5,1797.0,1799.6,,,,,
2021-07-09,1803.6,1810.1,1798.8,1810.0,,,,,
2021-07-12,1802.6,1805.5,1799.5,1805.5,,,,,
2021-07-13,1808.1,1812.0,1800.6,1809.4,,,,,
2021-07-14,1813.1,1829.0,1813.1,1824.3,,,,,
2021-07-15,1831.6,1833.0,1823.4,1828.4,,,,,
2021-07-16,1830.1,1831.4,1814.5,1814.5,,,,,
2021-07-19,1803.3,1813.4,1803.3,1808.7,,,,,
2021-07-20,1812.9,1824.0,1810.9,1810.9,,,,,
2021-07-21,1807.0,1807.0,1800.0,1802.9,,,,,
2021-07-22,1793.6,1805.0,1793.6,1805.0,,,,,
2021-07-23,1800.0,1801.4,1800.0,1801.4,,,,,
2021-07-26,1802.5,1802.5,1797.2,1798.7,,,,,
2021-07-27,1803.7,1803.7,1799.5,1799.5,,,,,
2021-07-28,1799.5,1799.5,1799.5,1799.5,,,,,
2021-07-29,1806.6,1832.6,1806.1,1831.2,,,,,
2021-07-30,1828.0,1830.5,1808.9,1812.6,,,,,
2021-08-02,1812.4,1818.7,1804.8,1818.1,,,,,
2021-08-03,1812.3,1813.5,1806.0,1810.1,,,,,
2021-08-04,1809.3,1831.3,1806.3,1810.5,,,,,
2021-08-05,1810.8,1813.7,1796.0,1805.1,,,,,
2021-08-06,1799.8,1800.1,1758.4,1760.0,,,,,
2021-08-09,1753.5,1753.8,1692.6,1723.4,,,,,
2021-08-10,1728.6,1735.2,1720.1,1728.8,,,,,
2021-08-11,1727.3,1752.2,1727.3,1750.4,,,,,
2021-08-12,1749.7,1752.4,1745.5,1749.0,,,,,
2021-08-13,1758.3,1777.3,1757.4,1775.2,,,,,
2021-08-16,1776.9,1787.8,1771.9,1786.9,,,,,
2021-08-17,1787.7,1794.2,1780.0,1785.0,,,,,
2021-08-18,1787.8,1791.5,1779.0,1781.6,,,,,
2021-08-19,1780.0,1789.3,1775.5,1780.2,,,,,
2021-08-20,1784.1,1787.5,1778.2,1781.0,,,,,
2021-08-23,1776.8,1804.8,1776.8,1803.2,,,,,
2021-08-24,1801.0,1805.6,1801.0,1805.6,,,,,
2021-08-25,1792.0,1792.9,1784.0,1788.2,,,,,
2021-08-26,1787.4,1792.2,1781.0,1792.2,,,,,
2021-08-27,1803.4,1816.6,1803.1,1816.6,,,,,
2021-08-30,1818.2,1820.3,1807.8,1809.0,,,,,
2021-08-31,1815.9,1815.9,1801.1,1815.0,,,,,
2021-09-01,1813.5,1815.9,1809.5,1813.1,,,,,
2021-09-02,1813.2,1813.9,1806.8,1808.7,,,,,
2021-09-03,1820.9,1833.9,1818.9,1830.9,,,,,
2021-09-07,1825.7,1825.7,1792.7,1795.9,,,,,
2021-09-08,1781.7,1790.7,1781.7,1790.7,,,,,
2021-09-09,1798.7,1798.7,1787.9,1797.4,,,,,
2021-09-10,1789.6,1789.6,1789.6,1789.6,,,,,
2021-09-13,1789.8,1796.0,1784.0,1792.0,,,,,
2021-09-14,1791.4,1806.2,1783.0,1804.7,,,,,
2021-09-15,1803.7,1803.7,1792.4,1792.4,,,,,
2021-09-16,1792.9,1792.9,1743.9,1754.6,,,,,
2021-09-17,1758.8,1763.0,1749.4,1749.4,,,,,
2021-09-20,1751.8,1761.8,1750.9,1761.8,,,,,
2021-09-21,1762.2,1776.0,1759.0,1776.0,,,,,
2021-09-22,1776.7,1784.3,1767.0,1776.7,,,,,
2021-09-23,1766.8,1766.8,1738.2,1747.7,,,,,
2021-09-24,1749.7,1749.7,1745.0,1749.7,,,,,
2021-09-27,1751.7,1754.4,1747.5,1750.0,,,,,
2021-09-28,1739.6,1741.7,1726.8,1735.8,,,,,
2021-09-29,1732.4,1744.1,1721.4,1721.5,,,,,
2021-09-30,1725.5,1760.3,1724.5,1755.3,,,,,
2021-10-01,1754.3,1762.6,1748.5,1757.0,,,,,
2021-10-04,1764.5,1768.9,1749.5,1766.2,,,,,
2021-10-05,1764.3,1764.3,1749.0,1759.6,,,,,
2021-10-06,1759.3,1762.9,1744.7,1760.5,,,,,
2021-10-07,1762.4,1762.4,1752.8,1757.9,,,,,
2021-10-08,1757.0,1780.0,1754.2,1756.3,,,,,
2021-10-11,1756.6,1757.8,1752.2,1754.6,,,,,
2021-10-12,1751.9,1768.0,1749.8,1758.3,,,,,
2021-10-13,1760.8,1794.5,1760.8,1793.7,,,,,
2021-10-14,1792.2,1799.9,1792.0,1796.7,,,,,
2021-10-15,1794.5,1795.4,1766.6,1767.2,,,,,
2021-10-18,1761.6,1770.1,1759.5,1764.8,,,,,
2021-10-19,1777.6,1785.0,1767.5,1769.7,,,,,
2021-10-20,1774.6,1785.6,1774.0,1784.1,,,,,
2021-10-21,1782.0,1785.7,1781.0,1781.2,,,,,
2021-10-22,1787.1,1806.9,1784.0,1795.5,,,,,
2021-10-25,1794.3,1809.0,1794.0,1806.0,,,,,
2021-10-26,1808.8,1808.8,1788.6,1792.7,,,,,
2021-10-27,1791.5,1798.1,1791.5,1797.9,,,,,
2021-10-28,1795.5,1807.3,1795.5,1801.6,,,,,
2021-10-29,1793.1,1797.0,1774.6,1783.0,,,,,
2021-11-01,1787.5,1795.1,1786.7,1795.1,,,,,
2021-11-02,1790.5,1795.5,1787.7,1788.7,,,,,
2021-11-03,1768.0,1768.0,1761.8,1763.6,,,,,
2021-11-04,1776.6,1798.2,1776.2,1793.0,,,,,
2021-11-05,1794.9,1817.1,1794.9,1816.4,,,,,
2021-11-08,1817.0,1827.4,1816.9,1827.4,,,,,
2021-11-09,1826.1,1832.7,1820.7,1830.2,,,,,
2021-11-10,1825.8,1865.0,1824.9,1847.6,,,,,
2021-11-11,1853.9,1866.5,1853.9,1863.2,,,,,
2021-11-12,1860.8,1867.9,1847.6,1867.9,,,,,
2021-11-15,1864.5,1866.9,1864.5,1866.1,,,,,
2021-11-16,1853.6,1853.6,1853.6,1853.6,,,,,
2021-11-17,1862.6,1869.7,1862.6,1869.7,,,,,
2021-11-18,1861.0,1861.0,1861.0,1861.0,,,,,
2021-11-19,1851.2,1851.2,1851.2,1851.2,,,,,
2021-11-22,1841.6,1841.6,1805.7,1806.0,,,,,
2021-11-23,1795.5,1795.5,1783.5,1783.5,,,,,
2021-11-24,1793.0,1793.0,1781.4,1784.1,,,,,
2021-11-26,1791.1,1791.4,1785.3,1785.3,,,,,
2021-11-29,1791.7,1798.9,1779.1,1782.3,,,,,
2021-11-30,1783.9,1808.1,1768.7,1773.6,,,,,
2021-12-01,1774.8,1790.5,1772.3,1781.6,,,,,
2021-12-02,1780.9,1780.9,1760.6,1760.7,,,,,
2021-12-03,1767.5,1785.1,1766.5,1782.0,,,,,
2021-12-06,1780.2,1783.0,1777.2,1777.5,,,,,
2021-12-07,1779.5,1786.1,1772.3,1782.6,,,,,
2021-12-08,1789.9,1789.9,1779.0,1783.4,,,,,
2021-12-09,1783.5,1783.5,1771.8,1774.6,,,,,
2021-12-10,1773.8,1785.4,1769.1,1782.9,,,,,
2021-12-13,1784.4,1787.1,1783.8,1786.3,,,,,
2021-12-14,1787.0,1787.0,1769.0,1770.4,,,,,
2021-12-15,1767.4,1778.7,1753.9,1762.6,,,,,
2021-12-16,1781.0,1798.1,1781.0,1796.6,,,,,
2021-12-17,1804.0,1812.9,1803.8,1803.8,,,,,
2021-12-20,1796.8,1799.8,1792.0,1793.7,,,,,
2021-12-21,1791.4,1796.5,1787.9,1787.9,,,,,
2021-12-22,1786.0,1805.2,1785.5,1801.6,,,,,
2021-12-23,1806.0,1811.2,1800.8,1811.2,,,,,
2021-12-27,1810.0,1812.1,1807.0,1808.1,,,,,
2021-12-28,1812.0,1818.0,1805.5,1810.2,,,,,
2021-12-29,1803.2,1805.1,1791.4,1805.1,,,,,
2021-12-30,1801.7,1816.0,1796.0,1812.7,,,,,
2021-12-31,1825.1,1827.8,1821.4,1827.5,,,,,
2022-01-03,1830.1,1830.1,1798.8,1799.4,,,,,
2022-01-04,1800.5,1815.3,1800.0,1814.0,,,,,
2022-01-05,1813.1,1824.6,1813.1,1824.6,,,,,
2022-01-06,1787.1,1791.3,1787.1,1788.7,,,,,
2022-01-07,1791.8,1797.0,1784.4,1797.0,,,,,
2022-01-10,1794.9,1798.7,1790.4,1798.4,,,,,
2022-01-11,1803.9,1822.5,1803.0,1818.6,,,,,
2022-01-12,1819.0,1827.2,1816.9,1827.2,,,,,
2022-01-13,1819.8,1823.0,1815.4,1821.2,,,,,
2022-01-14,1821.5,1822.0,1816.5,1816.5,,,,,
2022-01-18,1816.8,1820.1,1812.3,1812.3,,,,,
2022-01-19,1817.4,1843.1,1817.4,1843.1,,,,,
2022-01-20,1840.6,1843.0,1838.2,1842.5,,,,,
2022-01-21,1838.0,1842.4,1828.9,1831.8,,,,,
2022-01-24,1837.9,1842.1,1837.9,1841.7,,,,,
2022-01-25,1843.0,1852.7,1842.0,1852.7,,,,,
2022-01-26,1829.9,1829.9,1829.9,1829.9,,,,,
2022-01-27,1793.3,1793.3,1793.3,1793.3,,,,,
2022-01-28,1797.5,1798.4,1778.8,1784.9,,,,,
2022-01-31,1788.5,1798.5,1785.1,1795.0,,,,,
2022-02-01,1797.2,1806.1,1797.1,1800.3,,,,,
2022-02-02,1797.8,1810.1,1795.1,1809.2,,,,,
2022-02-03,1805.8,1808.1,1787.9,1803.0,,,,,
2022-02-04,1806.0,1813.7,1792.5,1806.6,,,,,
2022-02-07,1812.2,1821.3,1809.1,1820.6,,,,,
2022-02-08,1818.9,1827.6,1815.0,1826.6,,,,,
2022-02-09,1825.4,1835.2,1825.3,1835.2,,,,,
2022-02-10,1833.3,1842.1,1820.8,1836.2,,,,,
2022-02-11,1822.0,1864.8,1822.0,1840.8,,,,,
2022-02-14,1861.8,1870.6,1854.6,1868.0,,,,,
2022-02-15,1872.6,1879.7,1847.4,1854.8,,,,,
2022-02-16,1858.7,1870.2,1856.3,1870.2,,,,,
2022-02-17,1876.3,1900.7,1876.2,1900.7,,,,,
2022-02-18,1899.4,1899.4,1890.7,1898.6,,,,,
2022-02-22,1908.1,1912.0,1890.8,1906.1,,,,,
2022-02-23,1896.6,1910.6,1895.7,1909.2,,,,,
2022-02-24,1911.9,1972.5,1911.7,1925.1,,,,,
2022-02-25,1906.9,1920.0,1883.6,1886.5,,,,,
2022-02-28,1928.3,1928.4,1894.2,1899.4,,,,,
2022-03-01,1908.3,1942.4,1903.8,1942.4,,,,,
2022-03-02,1945.6,1948.2,1919.8,1920.9,,,,,
2022-03-03,1930.5,1940.3,1924.8,1934.4,,,,,
2022-03-04,1937.0,1970.9,1935.6,1965.1,,,,,
2022-03-07,1989.0,2001.1,1963.0,1993.9,,,,,
2022-03-08,1999.4,2072.0,1998.0,2040.1,,,,,
2022-03-09,2053.6,2063.0,1980.8,1985.9,,,,,
2022-03-10,1978.1,2010.5,1978.1,1998.1,,,,,
2022-03-11,1985.0,1996.0,1959.9,1982.7,,,,,
2022-03-14,1976.5,1977.7,1959.6,1959.6,,,,,
2022-03-15,1939.8,1939.9,1910.7,1928.5,,,,,
2022-03-16,1922.4,1922.4,1907.2,1908.0,,,,,
2022-03-17,1933.9,1947.2,1933.9,1942.1,,,,,
2022-03-18,1934.5,1939.3,1928.2,1928.2,,,,,
2022-03-21,1925.4,1928.6,1925.0,1928.6,,,,,
2022-03-22,1920.7,1920.7,1920.7,1920.7,,,,,
2022-03-23,1936.6,1936.6,1936.6,1936.6,,,,,
2022-03-24,1963.6,1964.0,1961.6,1961.6,,,,,
2022-03-25,1953.8,1953.8,1953.8,1953.8,,,,,
2022-03-28,1932.6,1939.6,1932.6,1939.6,,,,,
2022-03-29,1893.5,1912.0,1893.5,1912.0,,,,,
2022-03-30,1918.4,1937.0,1914.5,1933.5,,,,,
2022-03-31,1933.5,1949.9,1919.1,1949.2,,,,,
2022-04-01,1935.0,1938.0,1917.0,1919.1,,,,,
2022-04-04,1921.2,1936.1,1915.6,1929.2,,,,,
2022-04-05,1927.1,1943.5,1918.4,1922.9,,,,,
2022-04-06,1916.7,1931.8,1916.7,1918.4,,,,,
2022-04-07,1919.5,1934.8,1919.5,1933.8,,,,,
2022-04-08,1928.8,1947.7,1928.8,1941.6,,,,,
2022-04-11,1946.6,1968.4,1941.8,1944.3,,,,,
2022-04-12,1952.5,1977.1,1950.6,1972.1,,,,,
2022-04-13,1969.5,1981.0,1969.5,1981.0,,,,,
2022-04-14,1977.2,1978.7,1963.0,1970.9,,,,,
2022-04-18,1973.4,1997.1,1972.8,1982.9,,,,,
2022-04-19,1973.8,1978.3,1945.7,1955.7,,,,,
2022-04-20,1945.5,1953.6,1945.5,1952.3,,,,,
2022-04-21,1942.5,1944.9,1942.5,1944.9,,,,,
2022-04-22,1949.6,1950.4,1930.2,1931.0,,,,,
2022-04-25,1925.0,1925.0,1889.3,1893.2,,,,,
2022-04-26,1900.5,1909.1,1894.0,1901.4,,,,,
2022-04-27,1897.8,1900.6,1882.2,1885.9,,,,,
2022-04-28,1883.8,1893.0,1872.9,1888.7,,,,,
2022-04-29,1902.7,1918.2,1902.4,1909.3,,,,,
2022-05-02,1896.7,1896.8,1853.0,1861.8,,,,,
2022-05-03,1868.8,1868.8,1868.8,1868.8,,,,,
2022-05-04,1867.0,1867.0,1867.0,1867.0,,,,,
2022-05-05,1897.0,1904.3,1874.0,1874.0,,,,,
2022-05-06,1874.7,1890.3,1871.5,1881.2,,,,,
2022-05-09,1866.6,1867.5,1854.0,1857.1,,,,,
2022-05-10,1839.9,1839.9,1839.9,1839.9,,,,,
2022-05-11,1841.5,1852.6,1841.0,1852.6,,,,,
2022-05-12,1849.8,1851.9,1822.2,1823.8,,,,,
2022-05-13,1825.0,1825.0,1807.4,1807.4,,,,,
2022-05-16,1790.5,1813.5,1787.0,1813.5,,,,,
2022-05-17,1824.9,1828.6,1816.7,1818.2,,,,,
2022-05-18,1815.0,1819.7,1805.0,1815.9,,,,,
2022-05-19,1810.9,1841.2,1810.7,1841.2,,,,,
2022-05-20,1839.1,1841.8,1836.3,1841.8,,,,,
2022-05-23,1846.3,1863.0,1845.8,1847.8,,,,,
2022-05-24,1852.5,1867.0,1852.5,1865.1,,,,,
2022-05-25,1846.2,1846.2,1846.2,1846.2,,,,,
2022-05-26,1840.4,1847.4,1840.4,1847.4,,,,,
2022-05-27,1848.3,1860.7,1845.9,1851.3,,,,,
2022-05-31,1850.3,1862.1,1832.8,1842.7,,,,,
2022-06-01,1831.0,1847.9,1825.3,1843.3,,,,,
2022-06-02,1845.4,1868.7,1842.1,1866.5,,,,,
2022-06-03,1867.6,1871.8,1845.4,1845.4,,,,,
2022-06-06,1849.0,1854.1,1839.2,1839.2,,,,,
2022-06-07,1836.9,1851.6,1835.0,1847.5,,,,,
2022-06-08,1844.8,1855.0,1844.4,1851.9,,,,,
2022-06-09,1846.1,1850.1,1837.9,1848.8,,,,,
2022-06-10,1842.7,1875.6,1823.9,1871.5,,,,,
2022-06-13,1873.8,1873.8,1818.7,1828.0,,,,,
2022-06-14,1825.0,1825.5,1805.3,1809.5,,,,,
2022-06-15,1814.1,1839.0,1810.8,1815.3,,,,,
2022-06-16,1819.2,1850.6,1814.9,1845.7,,,,,
2022-06-17,1853.7,1853.7,1833.6,1835.6,,,,,
2022-06-21,1835.3,1838.6,1830.1,1834.6,,,,,
2022-06-22,1829.5,1842.7,1821.6,1834.3,,,,,
2022-06-23,1835.5,1841.2,1825.7,1825.7,,,,,
2022-06-24,1820.5,1826.5,1815.8,1826.5,,,,,
2022-06-27,1830.5,1830.7,1819.9,1820.9,,,,,
2022-06-28,1824.2,1826.0,1817.5,1817.5,,,,,
2022-06-29,1818.3,1830.3,1812.8,1813.7,,,,,
2022-06-30,1809.6,1817.3,1801.0,1804.1,,,,,
2022-07-01,1795.5,1806.1,1791.6,1798.9,,,,,
2022-07-05,1805.4,1805.4,1761.8,1761.8,,,,,
2022-07-06,1762.5,1768.0,1734.0,1734.9,,,,,
2022-07-07,1745.2,1745.2,1737.0,1737.9,,,,,
2022-07-08,1738.1,1749.3,1732.1,1740.6,,,,,
2022-07-11,1732.5,1736.7,1730.0,1730.0,,,,,
2022-07-12,1734.2,1735.5,1723.3,1723.3,,,,,
2022-07-13,1710.0,1734.2,1710.0,1734.2,,,,,
2022-07-14,1710.3,1710.5,1704.5,1704.5,,,,,
2022-07-15,1705.4,1709.7,1701.1,1702.4,,,,,
2022-07-18,1712.2,1712.4,1709.2,1709.2,,,,,
2022-07-19,1712.3,1714.4,1706.1,1710.0,,,,,
2022-07-20,1707.1,1708.5,1699.5,1699.5,,,,,
2022-07-21,1687.0,1715.5,1679.8,1712.7,,,,,
2022-07-22,1713.3,1735.0,1713.0,1727.1,,,,,
2022-07-25,1727.0,1732.0,1719.0,1719.0,,,,,
2022-07-26,1718.0,1718.0,1717.7,1717.7,,,,,
2022-07-27,1719.1,1719.1,1719.1,1719.1,,,,,
2022-07-28,1732.3,1755.0,1732.0,1750.3,,,,,
2022-07-29,1754.0,1765.7,1750.0,1762.9,,,,,
2022-08-01,1763.9,1772.5,1756.1,1769.0,,,,,
2022-08-02,1772.1,1786.6,1759.4,1771.1,,,,,
2022-08-03,1756.7,1770.5,1753.0,1758.0,,,,,
2022-08-04,1769.4,1792.1,1767.7,1788.5,,,,,
2022-08-05,1791.2,1791.4,1764.2,1772.9,,,,,
2022-08-08,1771.8,1786.8,1771.8,1786.8,,,,,
2022-08-09,1790.0,1796.1,1789.0,1794.0,,,,,
2022-08-10,1804.4,1804.9,1787.8,1795.6,,,,,
2022-08-11,1794.3,1794.3,1785.7,1789.7,,,,,
2022-08-12,1786.3,1800.4,1784.3,1798.6,,,,,
2022-08-15,1799.0,1799.0,1774.7,1781.4,,,,,
2022-08-16,1777.4,1777.4,1771.4,1773.2,,,,,
2022-08-17,1769.7,1769.7,1760.0,1760.3,,,,,
2022-08-18,1762.9,1762.9,1753.4,1755.3,,,,,
2022-08-19,1753.7,1754.3,1747.5,1747.6,,,,,
2022-08-22,1740.5,1740.5,1726.5,1734.0,,,,,
2022-08-23,1738.0,1748.9,1731.9,1746.8,,,,,
2022-08-24,1745.0,1751.8,1743.6,1747.8,,,,,
2022-08-25,1761.6,1761.8,1755.0,1757.7,,,,,
2022-08-26,1754.0,1755.0,1736.1,1736.1,,,,,
2022-08-29,1732.4,1741.2,1732.1,1736.6,,,,,
2022-08-30,1736.4,1739.0,1720.7,1723.2,,,,,
2022-08-31,1718.3,1720.9,1708.5,1712.8,,,,,
2022-09-01,1707.9,1707.9,1693.9,1696.6,,,,,
2022-09-02,1703.4,1715.7,1703.1,1709.8,,,,,
2022-09-06,1709.7,1717.4,1699.7,1700.4,,,,,
2022-09-07,1694.8,1715.3,1694.7,1715.3,,,,,
2022-09-08,1718.2,1718.2,1705.3,1708.0,,,,,
2022-09-09,1719.2,1720.0,1712.8,1716.2,,,,,
2022-09-12,1727.4,1728.1,1727.4,1728.1,,,,,
2022-09-13,1720.5,1720.5,1697.3,1705.0,,,,,
2022-09-14,1698.7,1701.8,1696.5,1696.5,,,,,
2022-09-15,1685.5,1686.0,1662.3,1665.4,,,,,
2022-09-16,1660.4,1674.9,1651.7,1671.7,,,,,
2022-09-19,1661.8,1669.4,1658.5,1666.2,,,,,
2022-09-20,1659.7,1659.7,1659.7,1659.7,,,,,
2022-09-21,1665.5,1680.1,1664.6,1664.6,,,,,
2022-09-22,1668.3,1670.8,1668.3,1670.8,,,,,
2022-09-23,1667.0,1667.0,1645.3,1645.3,,,,,
2022-09-26,1623.3,1623.3,1623.3,1623.3,,,,,
2022-09-27,1632.2,1636.6,1626.7,1626.7,,,,,
2022-09-28,1620.4,1660.4,1620.4,1660.4,,,,,
2022-09-29,1657.0,1662.6,1640.0,1658.5,,,,,
2022-09-30,1661.7,1672.7,1658.0,1662.4,,,,,
2022-10-03,1667.2,1700.0,1661.9,1692.9,,,,,
2022-10-04,1701.2,1728.0,1696.0,1721.1,,,,,
2022-10-05,1724.1,1726.6,1703.0,1711.4,,,,,
2022-10-06,1721.0,1723.3,1709.1,1711.7,,,,,
2022-10-07,1710.1,1710.1,1693.7,1700.5,,,,,
2022-10-10,1693.4,1693.4,1667.0,1667.3,,,,,
2022-10-11,1661.8,1678.7,1661.0,1678.7,,,,,
2022-10-12,1668.0,1672.7,1668.0,1670.3,,,,,
2022-10-13,1675.2,1675.3,1641.5,1670.0,,,,,
2022-10-14,1665.3,1667.0,1640.0,1641.7,,,,,
2022-10-17,1650.2,1657.0,1646.8,1657.0,,,,,
2022-10-18,1651.4,1655.2,1649.0,1649.0,,,,,
2022-10-19,1637.5,1637.5,1627.5,1627.5,,,,,
2022-10-20,1622.8,1641.4,1622.8,1630.8,,,,,
2022-10-21,1634.1,1653.9,1634.1,1651.0,,,,,
2022-10-24,1662.7,1662.7,1648.7,1648.7,,,,,
2022-10-25,1648.2,1652.8,1637.3,1652.8,,,,,
2022-10-26,1649.8,1667.0,1649.8,1664.0,,,,,
2022-10-27,1660.7,1660.7,1660.7,1660.7,,,,,
2022-10-28,1661.0,1661.0,1638.7,1639.6,,,,,
2022-10-31,1641.8,1641.8,1633.4,1635.9,,,,,
2022-11-01,1630.8,1653.7,1630.8,1645.0,,,,,
2022-11-02,1650.8,1664.7,1634.0,1645.7,,,,,
2022-11-03,1629.2,1629.2,1615.1,1627.3,,,,,
2022-11-04,1630.2,1674.5,1629.0,1672.5,,,,,
2022-11-07,1676.9,1677.9,1672.9,1676.5,,,,,
2022-11-08,1703.2,1712.1,1703.2,1712.1,,,,,
2022-11-09,1707.4,1720.2,1706.0,1710.1,,,,,
2022-11-10,1708.2,1750.3,1708.2,1750.3,,,,,
2022-11-11,1763.8,1766.0,1757.6,1766.0,,,,,
2022-11-14,1762.0,1773.6,1761.6,1773.6,,,,,
2022-11-15,1770.8,1773.8,1769.9,1773.8,,,,,
2022-11-16,1776.6,1778.9,1773.0,1773.0,,,,,
2022-11-17,1763.0,1763.0,1756.0,1760.8,,,,,
2022-11-18,1763.3,1763.3,1747.6,1751.9,,,,,
2022-11-21,1739.0,1744.9,1736.1,1737.4,,,,,
2022-11-22,1741.7,1741.7,1738.3,1738.3,,,,,
2022-11-23,1736.5,1750.9,1736.5,1744.9,,,,,
2022-11-25,1753.0,1757.9,1749.2,1753.3,,,,,
2022-11-28,1741.3,1741.3,1740.1,1740.1,,,,,
2022-11-29,1739.5,1758.2,1737.9,1748.4,,,,,
2022-11-30,1748.1,1769.4,1745.1,1746.0,,,,,
2022-12-01,1768.7,1803.7,1768.7,1801.1,,,,,
2022-12-02,1802.0,1802.3,1779.4,1795.9,,,,,
2022-12-05,1795.7,1808.0,1764.3,1767.4,,,,,
2022-12-06,1768.6,1779.4,1767.9,1769.3,,,,,
2022-12-07,1769.3,1790.3,1769.3,1785.5,,,,,
2022-12-08,1782.0,1790.9,1782.0,1788.7,,,,,
2022-12-09,1794.9,1804.3,1791.1,1798.1,,,,,
2022-12-12,1787.3,1793.9,1777.7,1780.5,,,,,
2022-12-13,1780.7,1819.8,1780.5,1813.9,,,,,
2022-12-14,1810.8,1812.8,1797.9,1807.5,,,,,
2022-12-15,1801.0,1801.0,1774.8,1777.2,,,,,
2022-12-16,1777.9,1791.4,1777.9,1790.0,,,,,
2022-12-19,1791.6,1796.3,1785.6,1787.7,,,,,
2022-12-20,1786.5,1821.4,1786.5,1815.9,,,,,
2022-12-21,1817.4,1821.4,1814.4,1815.9,,,,,
2022-12-22,1818.1,1818.1,1785.0,1787.0,,,,,
2022-12-23,1794.3,1802.8,1794.1,1795.9,,,,,
2022-12-27,1803.4,1826.3,1803.4,1814.8,,,,,
2022-12-28,1803.2,1807.9,1803.1,1807.9,,,,,
2022-12-29,1805.8,1819.5,1805.8,1819.5,,,,,
2022-12-30,1817.0,1822.3,1816.8,1819.7,,,,,
2023-01-03,1836.2,1839.7,1836.2,1839.7,,,,,
2023-01-04,1845.6,1859.1,1845.6,1852.8,,,,,
2023-01-05,1855.2,1855.2,1834.8,1834.8,,,,,
2023-01-06,1838.4,1868.2,1835.3,1864.2,,,,,
2023-01-09,1867.0,1880.0,1867.0,1872.7,,,,,
2023-01-10,1877.8,1878.1,1871.6,1871.6,,,,,
2023-01-11,1873.1,1877.8,1873.1,1874.6,,,,,
2023-01-12,1877.2,1897.4,1877.2,1895.5,,,,,
2023-01-13,1899.0,1920.9,1898.3,1918.4,,,,,
2023-01-17,1920.1,1920.1,1905.2,1907.2,,,,,
2023-01-18,1911.1,1911.1,1903.1,1904.4,,,,,
2023-01-19,1922.1,1931.8,1922.1,1922.1,,,,,
2023-01-20,1922.1,1928.5,1921.4,1926.4,,,,,
2023-01-23,1926.5,1927.1,1915.0,1927.1,,,,,
2023-01-24,1931.8,1936.8,1931.8,1933.9,,,,,
2023-01-25,1941.2,1941.2,1939.8,1941.2,,,,,
2023-01-26,1936.6,1937.1,1927.1,1929.1,,,,,
2023-01-27,1928.6,1928.6,1928.6,1928.6,,,,,
2023-01-30,1928.3,1933.6,1920.3,1922.9,,,,,
2023-01-31,1923.0,1930.4,1900.6,1929.5,,,,,
2023-02-01,1927.2,1955.0,1922.0,1927.8,,,,,
2023-02-02,1952.3,1959.1,1911.3,1916.3,,,,,
2023-02-03,1912.4,1917.0,1861.5,1862.9,,,,,
2023-02-06,1865.6,1880.0,1863.4,1866.2,,,,,
2023-02-07,1870.0,1875.7,1868.0,1871.7,,,,,
2023-02-08,1872.1,1880.4,1872.1,1877.4,,,,,
2023-02-09,1875.3,1884.6,1859.8,1866.2,,,,,
2023-02-10,1861.6,1863.5,1852.4,1862.8,,,,,
2023-02-13,1859.0,1861.0,1850.0,1851.9,,,,,
2023-02-14,1854.1,1862.0,1846.2,1854.0,,,,,
2023-02-15,1842.0,1842.0,1828.2,1834.2,,,,,
2023-02-16,1838.6,1843.7,1827.2,1842.0,,,,,
2023-02-17,1827.4,1842.2,1818.4,1840.4,,,,,
2023-02-21,1842.6,1843.0,1833.0,1833.0,,,,,
2023-02-22,1835.7,1836.2,1825.1,1832.0,,,,,
2023-02-23,1826.4,1827.5,1818.0,1818.0,,,,,
2023-02-24,1808.8,1808.8,1808.8,1808.8,,,,,
2023-02-27,1811.6,1817.5,1808.9,1817.0,,,,,
2023-02-28,1808.1,1830.0,1808.1,1828.9,,,,,
2023-03-01,1827.1,1841.7,1827.1,1837.7,,,,,
2023-03-02,1830.0,1836.3,1830.0,1833.5,,,,,
2023-03-03,1837.3,1855.4,1837.3,1847.7,,,,,
2023-03-06,1853.3,1853.8,1844.2,1847.9,,,,,
2023-03-07,1840.9,1840.9,1813.9,1813.9,,,,,
2023-03-08,1811.6,1812.9,1811.5,1812.7,,,,,
2023-03-09,1816.4,1829.3,1815.6,1829.3,,,,,
2023-03-10,1852.3,1868.5,1852.0,1862.0,,,,,
2023-03-13,1890.8,1913.1,1875.1,1911.7,,,,,
2023-03-14,1912.2,1912.2,1901.1,1906.2,,,,,
2023-03-15,1903.9,1926.6,1898.5,1926.6,,,,,
2023-03-16,1909.9,1931.7,1909.9,1919.0,,,,,
2023-03-17,1946.0,1985.1,1946.0,1969.8,,,,,
2023-03-20,1988.3,2003.9,1968.9,1979.2,,,,,
2023-03-21,1973.8,1973.8,1938.0,1938.0,,,,,
2023-03-22,1946.8,1974.0,1946.8,1946.8,,,,,
2023-03-23,1990.5,1994.6,1990.5,1993.8,,,,,
2023-03-24,1991.7,1995.4,1982.1,1982.1,,,,,
2023-03-27,1957.2,1957.2,1952.4,1952.4,,,,,
2023-03-28,1972.4,1972.4,1972.4,1972.4,,,,,
2023-03-29,1966.1,1966.1,1966.1,1966.1,,,,,
2023-03-30,1965.9,1984.4,1954.9,1980.3,,,,,
2023-03-31,1981.3,1986.8,1968.0,1969.0,,,,,
2023-04-03,1968.1,1991.7,1950.0,1983.9,,,,,
2023-04-04,1984.6,2027.1,1979.0,2022.2,,,,,
2023-04-05,2022.1,2033.8,2013.6,2020.9,,,,,
2023-04-06,2022.2,2023.3,2005.0,2011.9,,,,,
2023-04-10,2000.0,2006.6,1984.0,1989.1,,,,,
2023-04-11,1991.4,2006.5,1991.4,2004.8,,,,,
2023-04-12,2005.2,2025.7,2005.2,2010.9,,,,,
2023-04-13,2015.6,2048.6,2015.6,2041.3,,,,,
2023-04-14,2041.0,2047.8,1995.0,2002.2,,,,,
2023-04-17,2002.7,2007.6,1983.2,1994.2,,,,,
2023-04-18,1996.9,2007.4,1996.9,2007.4,,,,,
2023-04-19,2005.7,2006.4,1969.8,1995.2,,,,,
2023-04-20,1998.0,2007.6,1998.0,2007.6,,,,,
2023-04-21,1996.2,1996.2,1974.1,1979.5,,,,,
2023-04-24,1981.3,1989.8,1977.4,1989.1,,,,,
2023-04-25,1995.7,1999.1,1982.3,1994.0,,,,,
2023-04-26,1997.8,1998.8,1985.6,1985.7,,,,,
2023-04-27,1990.6,2002.3,1979.9,1989.9,,,,,
2023-04-28,1986.9,1990.1,1977.7,1990.1,,,,,
2023-05-01,1980.1,2005.0,1976.9,1983.4,,,,,
2023-05-02,1994.7,2018.0,1994.7,2014.3,,,,,
2023-05-03,2017.1,2035.1,2015.2,2028.6,,,,,
2023-05-04,2045.0,2072.0,2040.0,2048.0,,,,,
2023-05-05,2046.4,2046.4,2004.3,2017.4,,,,,
2023-05-08,2022.5,2026.3,2022.5,2026.3,,,,,
2023-05-09,2026.6,2037.3,2025.9,2036.2,,,,,
2023-05-10,2032.3,2044.3,2029.5,2030.5,,,,,
2023-05-11,2034.1,2038.3,2014.0,2014.7,,,,,
2023-05-12,2014.5,2014.5,2014.5,2014.5,,,,,
2023-05-15,2013.8,2018.0,2013.8,2018.0,,,,,
2023-05-16,1988.4,1988.4,1988.4,1988.4,,,,,
2023-05-17,1983.6,1983.6,1980.7,1980.7,,,,,
2023-05-18,1956.5,1956.8,1956.5,1956.5,,,,,
2023-05-19,1960.0,1978.7,1960.0,1978.7,,,,,
2023-05-22,1980.5,1980.5,1974.8,1974.8,,,,,
2023-05-23,1972.4,1972.4,1972.4,1972.4,,,,,
2023-05-24,1975.4,1975.4,1962.8,1962.8,,,,,
2023-05-25,1943.1,1943.1,1943.1,1943.1,,,,,
2023-05-26,1948.2,1948.4,1944.1,1944.1,,,,,
2023-05-30,1942.7,1962.6,1931.0,1958.0,,,,,
2023-05-31,1958.2,1973.0,1953.0,1963.9,,,,,
2023-06-01,1963.2,1983.0,1954.3,1978.0,,,,,
2023-06-02,1977.1,1982.5,1947.4,1952.4,,,,,
2023-06-05,1947.5,1961.9,1937.8,1958.0,,,,,
2023-06-06,1960.8,1965.5,1958.8,1965.5,,,,,
2023-06-07,1959.0,1968.4,1940.7,1942.7,,,,,
2023-06-08,1943.2,1969.0,1943.1,1963.6,,,,,
2023-06-09,1965.1,1969.8,1960.3,1962.2,,,,,
2023-06-12,1959.7,1963.5,1951.4,1955.3,,,,,
2023-06-13,1960.6,1967.5,1940.3,1944.6,,,,,
2023-06-14,1946.2,1958.2,1940.3,1955.3,,,,,
2023-06-15,1941.7,1958.8,1926.0,1957.8,,,,,
2023-06-16,1961.4,1962.9,1953.5,1958.4,,,,,
2023-06-20,1958.6,1958.6,1931.3,1935.5,,,,,
2023-06-21,1935.6,1936.8,1920.0,1933.3,,,,,
2023-06-22,1920.0,1921.0,1912.1,1912.7,,,,,
2023-06-23,1918.7,1932.5,1918.7,1919.1,,,,,
2023-06-26,1922.9,1928.5,1922.5,1923.7,,,,,
2023-06-27,1927.0,1929.4,1914.0,1914.0,,,,,
2023-06-28,1912.3,1912.3,1912.3,1912.3,,,,,
2023-06-29,1909.9,1909.9,1892.5,1909.2,,,,,
2023-06-30,1908.6,1921.1,1900.6,1921.1,,,,,
2023-07-03,1917.9,1929.5,1917.9,1921.7,,,,,
2023-07-05,1923.5,1933.9,1914.7,1919.6,,,,,
2023-07-06,1909.3,1910.2,1903.2,1908.7,,,,,
2023-07-07,1913.4,1934.1,1913.4,1926.2,,,,,
2023-07-10,1923.6,1926.1,1912.3,1925.0,,,,,
2023-07-11,1925.0,1937.0,1924.2,1931.3,,,,,
2023-07-12,1932.3,1958.0,1932.2,1956.2,,,,,
2023-07-13,1961.1,1961.1,1953.0,1959.2,,,,,
2023-07-14,1958.4,1960.6,1952.7,1960.1,,,,,
2023-07-17,1954.0,1956.5,1946.6,1952.4,,,,,
2023-07-18,1968.8,1978.4,1963.4,1977.2,,,,,
2023-07-19,1977.0,1977.5,1973.0,1977.5,,,,,
2023-07-20,1973.7,1973.7,1965.6,1968.3,,,,,
2023-07-21,1961.8,1964.3,1961.8,1964.3,,,,,
2023-07-24,1965.3,1965.5,1960.3,1960.3,,,,,
2023-07-25,1953.0,1962.5,1953.0,1962.1,,,,,
2023-07-26,1966.2,1972.0,1966.2,1968.9,,,,,
2023-07-27,1945.4,1945.4,1945.4,1945.4,,,,,
2023-07-28,1945.5,1962.2,1944.2,1960.4,,,,,
2023-07-31,1959.2,1971.6,1950.0,1970.5,,,,,
2023-08-01,1964.9,1965.4,1940.7,1940.7,,,,,
2023-08-02,1948.4,1953.6,1933.2,1937.4,,,,,
2023-08-03,1934.2,1936.5,1928.0,1932.0,,,,,
2023-08-04,1934.9,1945.0,1920.0,1939.6,,,,,
2023-08-07,1941.0,1941.0,1929.8,1933.5,,,,,
2023-08-08,1931.7,1933.2,1923.0,1924.1,,,,,
2023-08-09,1925.4,1928.8,1913.7,1915.4,,,,,
2023-08-10,1921.1,1927.8,1911.4,1914.4,,,,,
2023-08-11,1913.0,1916.6,1911.8,1912.9,,,,,
2023-08-14,1909.3,1912.6,1903.3,1910.6,,,,,
2023-08-15,1906.0,1907.7,1895.0,1902.5,,,,,
2023-08-16,1904.5,1904.5,1890.3,1896.1,,,,,
2023-08-17,1893.7,1902.4,1884.0,1884.1,,,,,
2023-08-18,1891.8,1891.8,1886.1,1886.1,,,,,
2023-08-21,1893.6,1893.6,1893.3,1893.3,,,,,
2023-08-22,1894.6,1896.8,1892.8,1896.4,,,,,
2023-08-23,1909.6,1918.5,1909.6,1918.5,,,,,
2023-08-24,1920.0,1920.8,1918.2,1918.2,,,,,
2023-08-25,1919.8,1919.8,1911.1,1911.1,,,,,
2023-08-28,1915.5,1921.5,1915.5,1917.9,,,,,
2023-08-29,1917.9,1936.5,1916.9,1936.5,,,,,
2023-08-30,1936.0,1946.4,1934.6,1944.3,,,,,
2023-08-31,1944.4,1944.4,1938.2,1938.2,,,,,
2023-09-01,1950.0,1950.0,1936.6,1939.8,,,,,
2023-09-05,1934.4,1934.4,1924.7,1926.2,,,,,
2023-09-06,1924.1,1925.3,1916.3,1918.1,,,,,
2023-09-07,1917.6,1921.5,1917.5,1917.5,,,,,
2023-09-08,1924.0,1924.7,1918.4,1918.4,,,,,
2023-09-11,1923.0,1928.3,1921.8,1923.3,,,,,
2023-09-12,1920.8,1920.8,1911.3,1911.3,,,,,
2023-09-13,1910.3,1914.6,1908.9,1909.1,,,,,
2023-09-14,1903.0,1910.0,1903.0,1910.0,,,,,
2023-09-15,1923.5,1927.3,1923.5,1923.7,,,,,
2023-09-18,1928.2,1931.5,1926.4,1931.5,,,,,
2023-09-19,1934.0,1934.0,1932.0,1932.0,,,,,
2023-09-20,1945.6,1945.6,1929.2,1945.6,,,,,
2023-09-21,1924.0,1924.0,1919.2,1919.2,,,,,
2023-09-22,1925.4,1925.4,1925.4,1925.4,,,,,
2023-09-25,1916.6,1916.6,1916.6,1916.6,,,,,
2023-09-26,1905.0,1905.1,1900.4,1900.4,,,,,
2023-09-27,1871.6,1871.6,1871.6,1871.6,,,,,
2023-09-28,1875.5,1878.2,1856.7,1860.4,,,,,
2023-09-29,1864.3,1872.3,1846.0,1848.1,,,,,
2023-10-02,1844.1,1845.9,1826.7,1830.0,,,,,
2023-10-03,1825.0,1830.9,1816.8,1824.6,,,,,
2023-10-04,1821.8,1828.2,1816.4,1818.5,,,,,
2023-10-05,1826.3,1826.3,1815.6,1816.6,,,,,
2023-10-06,1819.0,1831.8,1809.4,1830.2,,,,,
2023-10-09,1842.5,1861.5,1842.5,1849.5,,,,,
2023-10-10,1857.0,1861.4,1852.8,1861.0,,,,,
2023-10-11,1869.5,1874.6,1869.1,1872.8,,,,,
2023-10-12,1874.7,1881.2,1867.0,1869.3,,,,,
2023-10-13,1877.5,1930.1,1877.5,1927.4,,,,,
2023-10-16,1910.4,1921.1,1910.3,1921.1,,,,,
2023-10-17,1914.3,1925.8,1914.3,1922.7,,,,,
2023-10-18,1935.0,1957.9,1935.0,1955.3,,,,,
2023-10-19,1950.1,1977.7,1945.7,1968.4,,,,,
2023-10-20,1981.1,1988.6,1980.4,1982.5,,,,,
2023-10-23,1976.2,1978.9,1972.9,1976.3,,,,,
2023-10-24,1970.3,1975.0,1970.3,1975.0,,,,,
2023-10-25,1971.2,1985.3,1971.2,1984.1,,,,,
2023-10-26,1988.2,1988.2,1980.4,1987.2,,,,,
2023-10-27,1988.6,1988.6,1988.6,1988.6,,,,,
2023-10-30,2004.1,2004.1,1992.5,1996.2,,,,,
2023-10-31,1996.5,2001.0,1983.7,1985.2,,,,,
2023-11-01,1990.5,1990.5,1977.8,1978.8,,,,,
2023-11-02,1989.1,1990.3,1979.5,1985.6,,,,,
2023-11-03,1989.0,1991.5,1989.0,1991.5,,,,,
2023-11-06,1981.6,1981.6,1977.4,1981.6,,,,,
2023-11-07,1966.5,1966.8,1960.7,1966.8,,,,,
2023-11-08,1967.8,1967.8,1947.7,1951.5,,,,,
2023-11-09,1951.7,1964.2,1945.3,1964.2,,,,,
2023-11-10,1959.6,1959.6,1932.6,1932.6,,,,,
2023-11-13,1939.9,1947.2,1934.0,1945.5,,,,,
2023-11-14,1965.8,1965.8,1961.8,1961.8,,,,,
2023-11-15,1962.8,1962.8,1960.0,1960.1,,,,,
2023-11-16,1965.3,1983.9,1964.6,1983.9,,,,,
2023-11-17,1982.5,1984.0,1979.8,1981.6,,,,,
2023-11-20,1978.7,1979.4,1969.7,1977.7,,,,,
2023-11-21,1990.7,2005.5,1988.5,1999.3,,,,,
2023-11-22,1999.1,1999.4,1991.0,1991.4,,,,,
2023-11-24,1991.9,2002.2,1991.5,2002.2,,,,,
2023-11-27,2011.7,2011.8,2011.7,2011.8,,,,,
2023-11-28,2040.6,2042.7,2039.7,2039.7,,,,,
2023-11-29,2041.7,2052.1,2036.0,2047.1,,,,,
2023-11-30,2046.1,2047.1,2033.1,2038.1,,,,,
2023-12-01,2038.3,2073.2,2036.0,2071.0,,,,,
2023-12-04,2075.3,2130.2,2021.0,2024.1,,,,,
2023-12-05,2035.1,2037.0,2010.2,2018.5,,,,,
2023-12-06,2019.9,2035.8,2019.0,2030.5,,,,,
2023-12-07,2029.2,2034.9,2024.0,2029.9,,,,,
2023-12-08,2031.7,2033.1,1995.0,1998.3,,,,,
2023-12-11,2004.1,2004.2,1977.2,1978.0,,,,,
2023-12-12,1984.2,1994.2,1977.8,1977.8,,,,,
2023-12-13,1978.5,2024.8,1975.0,1982.3,,,,,
2023-12-14,2024.7,2040.1,2024.3,2030.2,,,,,
2023-12-15,2032.6,2043.4,2018.3,2021.1,,,,,
2023-12-18,2024.3,2032.8,2024.0,2026.3,,,,,
2023-12-19,2025.2,2042.7,2025.2,2038.4,,,,,
2023-12-20,2037.1,2037.1,2030.3,2034.5,,,,,
2023-12-21,2035.8,2044.5,2033.0,2039.1,,,,,
2023-12-22,2055.7,2068.7,2052.2,2057.1,,,,,
2023-12-26,2060.0,2060.8,2054.2,2058.2,,,,,
2023-12-27,2067.3,2081.9,2064.8,2081.9,,,,,
2023-12-28,2081.6,2087.3,2066.5,2073.9,,,,,
2023-12-29,2068.0,2068.9,2062.1,2062.4,,,,,
2024-01-02,2063.5,2073.7,2057.1,2064.4,,,,,
2024-01-03,2034.2,2044.0,2034.2,2034.2,,,,,
2024-01-04,2041.6,2044.5,2038.0,2042.3,,,,,
2024-01-05,2044.5,2048.1,2042.4,2042.4,,,,,
2024-01-08,2019.1,2033.7,2019.1,2026.6,,,,,
2024-01-09,2035.8,2035.8,2026.4,2026.4,,,,,
2024-01-10,2029.0,2035.6,2021.7,2021.7,,,,,
2024-01-11,2025.1,2025.1,2014.3,2014.3,,,,,
2024-01-12,2031.1,2057.0,2031.1,2046.7,,,,,
2024-01-16,2051.7,2054.8,2026.0,2026.0,,,,,
2024-01-17,2026.5,2026.5,2002.6,2002.6,,,,,
2024-01-18,2012.8,2018.6,2009.5,2018.6,,,,,
2024-01-19,2023.2,2036.0,2019.5,2026.5,,,,,
2024-01-22,2021.3,2021.3,2019.8,2019.8,,,,,
2024-01-23,2030.3,2030.3,2022.5,2023.7,,,,,
2024-01-24,2023.2,2033.2,2013.9,2013.9,,,,,
2024-01-25,2012.1,2022.4,2012.1,2016.9,,,,,
2024-01-26,2021.7,2022.4,2016.8,2016.8,,,,,
2024-01-29,2025.2,2025.2,2025.2,2025.2,,,,,
2024-01-30,2032.5,2048.5,2028.1,2031.5,,,,,
2024-01-31,2035.4,2055.0,2030.0,2048.4,,,,,
2024-02-01,2040.2,2064.5,2029.0,2053.0,,,,,
2024-02-02,2054.8,2055.9,2027.7,2036.1,,,,,
2024-02-05,2038.9,2040.8,2013.8,2025.7,,,,,
2024-02-06,2025.9,2037.3,2025.9,2034.5,,,,,
2024-02-07,2032.8,2039.5,2032.7,2035.2,,,,,
2024-02-08,2028.0,2036.7,2020.3,2032.2,,,,,
2024-02-09,2032.0,2032.0,2020.0,2023.3,,,,,
2024-02-12,2025.5,2025.5,2011.6,2018.2,,,,,
2024-02-13,2025.1,2025.8,1990.0,1992.9,,,,,
2024-02-14,1990.3,1993.5,1984.8,1990.3,,,,,
2024-02-15,1993.6,2007.2,1993.6,2002.1,,,,,
2024-02-16,2005.0,2011.5,1996.5,2011.5,,,,,
2024-02-20,2015.6,2029.0,2015.6,2027.5,,,,,
2024-02-21,2028.2,2028.2,2022.3,2022.3,,,,,
2024-02-22,2033.2,2033.2,2019.7,2019.7,,,,,
2024-02-23,2026.0,2038.6,2014.9,2038.6,,,,,
2024-02-26,2034.1,2035.4,2024.8,2028.5,,,,,
2024-02-27,2035.9,2035.9,2034.0,2034.0,,,,,
2024-02-28,2029.5,2037.0,2024.8,2033.0,,,,,
2024-02-29,2034.3,2049.8,2034.3,2045.7,,,,,
2024-03-01,2043.1,2086.9,2041.8,2086.9,,,,,
2024-03-04,2083.6,2119.8,2080.7,2117.7,,,,,
2024-03-05,2114.9,2133.5,2111.4,2133.5,,,,,
2024-03-06,2125.5,2150.3,2125.5,2150.3,,,,,
2024-03-07,2147.0,2163.0,2147.0,2158.0,,,,,
2024-03-08,2167.3,2194.9,2166.3,2178.6,,,,,
2024-03-11,2181.0,2184.0,2177.2,2182.5,,,,,
2024-03-12,2182.5,2182.7,2160.4,2160.4,,,,,
2024-03-13,2162.5,2175.4,2162.5,2175.4,,,,,
2024-03-14,2163.0,2163.0,2162.3,2163.0,,,,,
2024-03-15,2161.7,2161.7,2157.3,2157.3,,,,,
2024-03-18,2146.2,2160.7,2146.2,2160.7,,,,,
2024-03-19,2156.1,2156.3,2156.1,2156.3,,,,,
2024-03-20,2157.3,2185.9,2150.9,2157.9,,,,,
2024-03-21,2207.0,2211.6,2182.4,2182.4,,,,,
2024-03-22,2179.2,2179.6,2157.5,2158.1,,,,,
2024-03-25,2166.2,2179.4,2166.2,2174.8,,,,,
2024-03-26,2182.7,2182.7,2175.6,2175.6,,,,,
2024-03-27,2179.4,2196.2,2172.1,2190.6,,,,,
2024-03-28,2193.6,2234.1,2187.1,2217.4,,,,,
2024-04-01,2235.7,2264.2,2230.0,2236.5,,,,,
2024-04-02,2252.0,2279.2,2247.6,2261.0,,,,,
2024-04-03,2281.7,2298.8,2267.9,2294.4,,,,,
2024-04-04,2301.7,2302.9,2280.0,2288.8,,,,,
2024-04-05,2289.2,2328.4,2267.4,2325.7,,,,,
2024-04-08,2325.6,2341.8,2319.0,2331.7,,,,,
2024-04-09,2337.8,2364.7,2337.8,2343.5,,,,,
2024-04-10,2346.6,2358.1,2327.7,2329.6,,,,,
2024-04-11,2341.5,2376.3,2330.6,2354.8,,,,,
2024-04-12,2377.3,2429.0,2334.3,2356.2,,,,,
2024-04-15,2362.1,2384.7,2326.0,2365.8,,,,,
2024-04-16,2384.0,2390.8,2371.4,2390.8,,,,,
2024-04-17,2384.2,2391.4,2369.3,2371.7,,,,,
2024-04-18,2368.4,2384.4,2368.4,2382.3,,,,,
2024-04-19,2379.3,2399.8,2377.3,2398.4,,,,,
2024-04-22,2383.3,2383.3,2326.9,2332.2,,,,,
2024-04-23,2327.7,2330.8,2294.2,2327.7,,,,,
2024-04-24,2321.3,2328.7,2314.6,2324.5,,,,,
2024-04-25,2315.0,2329.8,2305.0,2329.8,,,,,
2024-04-26,2347.9,2347.9,2332.8,2334.8,,,,,
2024-04-29,2334.8,2345.5,2327.9,2345.4,,,,,
2024-04-30,2322.5,2322.5,2291.4,2291.4,,,,,
2024-05-01,2287.7,2327.3,2283.8,2299.9,,,,,
2024-05-02,2321.7,2324.7,2292.3,2299.2,,,,,
2024-05-03,2300.0,2301.0,2277.6,2299.0,,,,,
2024-05-06,2322.8,2325.5,2314.2,2321.6,,,,,
2024-05-07,2324.3,2324.3,2315.2,2315.2,,,,,
2024-05-08,2313.6,2313.6,2313.6,2313.6,,,,,
2024-05-09,2310.7,2339.5,2310.7,2332.1,,,,,
2024-05-10,2367.3,2367.3,2367.3,2367.3,,,,,
2024-05-13,2358.3,2358.3,2336.1,2336.1,,,,,
2024-05-14,2336.0,2358.0,2336.0,2353.4,,,,,
2024-05-15,2361.6,2388.7,2356.0,2388.7,,,,,
2024-05-16,2389.5,2392.2,2380.0,2380.0,,,,,
2024-05-17,2380.7,2415.8,2380.7,2412.2,,,,,
2024-05-20,2415.8,2435.8,2409.7,2433.9,,,,,
2024-05-21,2429.5,2429.5,2421.0,2421.7,,,,,
2024-05-22,2417.5,2417.6,2375.8,2389.2,,,,,
2024-05-23,2371.2,2371.2,2335.0,2335.0,,,,,
2024-05-24,2342.6,2345.4,2332.5,2332.5,,,,,
2024-05-28,2336.9,2359.7,2336.9,2355.2,,,,,
2024-05-29,2340.3,2340.3,2340.3,2340.3,,,,,
2024-05-30,2336.9,2349.5,2320.8,2342.9,,,,,
2024-05-31,2344.1,2354.0,2319.0,2322.9,,,,,
2024-06-03,2322.6,2347.5,2312.0,2346.6,,,,,
2024-06-04,2347.5,2347.7,2313.9,2325.5,,,,,
2024-06-05,2326.4,2354.3,2326.2,2354.1,,,,,
2024-06-06,2355.0,2375.8,2355.0,2370.3,,,,,
2024-06-07,2379.9,2385.1,2285.4,2305.2,,,,,
2024-06-10,2290.6,2309.3,2290.5,2307.7,,,,,
2024-06-11,2300.0,2314.1,2300.0,2307.5,,,,,
2024-06-12,2314.9,2338.7,2310.3,2336.0,,,,,
2024-06-13,2309.4,2317.7,2296.2,2300.2,,,,,
2024-06-14,2307.0,2331.4,2305.8,2331.4,,,,,
2024-06-17,2320.2,2320.2,2309.6,2312.4,,,,,
2024-06-18,2311.8,2330.4,2311.8,2330.4,,,,,
2024-06-20,2328.9,2354.0,2328.3,2353.8,,,,,
2024-06-21,2331.2,2331.2,2316.4,2316.4,,,,,
2024-06-24,2323.3,2332.9,2322.7,2330.0,,,,,
2024-06-25,2324.4,2333.0,2316.6,2316.6,,,,,
2024-06-26,2307.9,2314.4,2298.0,2299.2,,,,,
2024-06-27,2296.8,2329.0,2295.0,2324.5,,,,,
2024-06-28,2325.4,2338.3,2319.0,2327.7,,,,,
2024-07-01,2323.8,2329.7,2321.7,2327.6,,,,,
2024-07-02,2330.7,2334.6,2323.0,2323.0,,,,,
2024-07-03,2330.9,2361.6,2330.9,2359.8,,,,,
2024-07-05,2354.9,2388.5,2354.9,2388.5,,,,,
2024-07-08,2381.7,2383.8,2352.8,2355.2,,,,,
2024-07-09,2363.1,2363.7,2360.1,2360.1,,,,,
2024-07-10,2366.3,2377.0,2365.8,2372.2,,,,,
2024-07-11,2378.7,2416.7,2378.7,2415.0,,,,,
2024-07-12,2399.8,2414.0,2391.3,2414.0,,,,,
2024-07-15,2430.0,2436.0,2422.9,2422.9,,,,,
2024-07-16,2427.4,2462.4,2427.4,2462.4,,,,,
2024-07-17,2472.9,2473.1,2454.8,2454.8,,,,,
2024-07-18,2466.0,2466.0,2451.8,2451.8,,,,,
2024-07-19,2418.8,2419.2,2395.5,2395.5,,,,,
2024-07-22,2402.1,2402.1,2392.0,2392.0,,,,,
2024-07-23,2395.8,2404.6,2388.7,2404.6,,,,,
2024-07-24,2421.0,2421.0,2411.6,2413.3,,,,,
2024-07-25,2365.5,2365.5,2351.9,2351.9,,,,,
2024-07-26,2368.7,2386.9,2368.7,2380.0,,,,,
2024-07-29,2377.3,2377.3,2377.3,2377.3,,,,,
2024-07-30,2380.9,2409.3,2373.8,2405.0,,,,,
2024-07-31,2407.1,2447.6,2402.8,2426.5,,,,,
2024-08-01,2446.7,2455.1,2430.4,2435.0,,,,,
2024-08-02,2444.0,2477.0,2416.0,2425.7,,,,,
2024-08-05,2442.0,2449.8,2367.4,2401.7,,,,,
2024-08-06,2414.5,2421.8,2380.0,2389.1,,,,,
2024-08-07,2392.2,2401.0,2384.5,2390.5,,,,,
2024-08-08,2384.3,2422.8,2384.3,2422.2,,,,,
2024-08-09,2422.3,2432.1,2418.5,2432.1,,,,,
2024-08-12,2432.7,2469.8,2432.0,2462.4,,,,,
2024-08-13,2461.0,2470.0,2456.5,2466.7,,,,,
2024-08-14,2468.0,2472.1,2439.4,2439.4,,,,,
2024-08-15,2451.8,2467.7,2431.2,2453.1,,,,,
2024-08-16,2453.5,2508.0,2451.4,2498.6,,,,,
2024-08-19,2508.5,2508.5,2487.2,2501.8,,,,,
2024-08-20,2503.5,2527.3,2500.7,2511.3,,,,,
2024-08-21,2511.0,2515.4,2503.9,2508.4,,,,,
2024-08-22,2504.1,2504.1,2471.1,2478.9,,,,,
2024-08-23,2486.5,2508.4,2486.5,2508.4,,,,,
2024-08-26,2509.9,2523.1,2509.1,2517.7,,,,,
2024-08-27,2515.2,2523.1,2506.9,2516.0,,,,,
2024-08-28,2501.0,2501.0,2501.0,2501.0,,,,,
2024-08-29,2504.1,2525.7,2503.9,2525.7,,,,,
2024-08-30,2519.5,2525.4,2493.8,2493.8,,,,,
2024-09-03,2501.6,2501.8,2476.3,2489.9,,,,,
2024-09-04,2490.9,2493.4,2483.5,2493.4,,,,,
2024-09-05,2493.7,2513.3,2493.4,2511.4,,,,,
2024-09-06,2510.3,2517.9,2483.7,2493.5,,,,,
2024-09-09,2491.3,2504.7,2491.3,2501.8,,,,,
2024-09-10,2512.3,2512.3,2512.3,2512.3,,,,,
2024-09-11,2525.8,2525.8,2502.3,2512.1,,,,,
2024-09-12,2529.1,2557.0,2523.4,2551.2,,,,,
2024-09-13,2568.8,2581.8,2565.0,2581.3,,,,,
2024-09-16,2580.4,2580.4,2580.4,2580.4,,,,,
2024-09-17,2581.2,2581.8,2564.3,2564.3,,,,,
2024-09-18,2570.7,2570.7,2549.2,2570.7,,,,,
2024-09-19,2566.0,2588.0,2566.0,2588.0,,,,,
2024-09-20,2590.4,2621.8,2590.4,2619.9,,,,,
2024-09-23,2626.5,2626.5,2626.5,2626.5,,,,,
2024-09-24,2636.8,2662.3,2625.5,2651.2,,,,,
2024-09-25,2656.3,2664.2,2649.3,2659.2,,,,,
2024-09-26,2662.3,2669.9,2660.8,2669.9,,,,,
2024-09-27,2670.0,2672.1,2641.7,2644.3,,,,,
2024-09-30,2660.9,2662.1,2623.2,2636.1,,,,,
2024-10-01,2631.4,2670.9,2631.4,2667.3,,,,,
2024-10-02,2650.6,2657.2,2640.0,2647.1,,,,,
2024-10-03,2642.8,2657.1,2640.0,2657.1,,,,,
2024-10-04,2656.0,2667.0,2639.0,2645.8,,,,,
2024-10-07,2648.7,2657.4,2639.0,2644.8,,,,,
2024-10-08,2639.0,2639.0,2609.3,2615.0,,,,,
2024-10-09,2603.0,2607.7,2603.0,2606.0,,,,,
2024-10-10,2602.5,2628.3,2602.5,2620.6,,,,,
2024-10-11,2638.3,2658.1,2638.2,2657.6,,,,,
2024-10-14,2655.0,2655.3,2647.8,2647.8,,,,,
2024-10-15,2661.4,2661.4,2661.4,2661.4,,,,,
2024-10-16,2674.0,2674.0,2674.0,2674.0,,,,,
2024-10-17,2677.4,2691.7,2677.2,2691.0,,,,,
2024-10-18,2713.7,2719.6,2713.7,2713.7,,,,,
2024-10-21,2721.9,2738.4,2719.5,2723.1,,,,,
2024-10-22,2731.7,2746.0,2728.6,2744.2,,,,,
2024-10-23,2742.5,2742.5,2714.2,2714.4,,,,,
2024-10-24,2729.0,2736.1,2729.0,2734.9,,,,,
2024-10-25,2725.5,2742.4,2725.5,2740.9,,,,,
2024-10-28,2736.1,2742.9,2729.5,2742.9,,,,,
2024-10-29,2768.4,2768.4,2768.4,2768.4,,,,,
2024-10-30,2774.6,2789.0,2774.6,2788.5,,,,,
2024-10-31,2787.4,2787.5,2733.5,2738.3,,,,,
2024-11-01,2745.5,2756.0,2734.2,2738.6,,,,,
2024-11-04,2736.5,2737.1,2736.1,2736.1,,,,,
2024-11-05,2743.0,2743.9,2740.3,2740.3,,,,,
2024-11-06,2734.5,2734.5,2659.4,2667.6,,,,,
2024-11-07,2662.5,2699.1,2662.5,2698.4,,,,,
2024-11-08,2688.5,2694.6,2682.9,2687.5,,,,,
2024-11-11,2671.7,2671.7,2611.2,2611.2,,,,,
2024-11-12,2605.5,2605.5,2592.8,2600.0,,,,,
2024-11-13,2611.1,2611.8,2580.8,2580.8,,,,,
2024-11-14,2555.1,2576.2,2554.2,2568.2,,,,,
2024-11-15,2565.7,2565.7,2565.7,2565.7,,,,,
2024-11-18,2591.7,2610.7,2589.4,2610.6,,,,,
2024-11-19,2621.9,2627.7,2619.3,2627.1,,,,,
2024-11-20,2638.5,2648.2,2638.5,2648.2,,,,,
2024-11-21,2659.3,2672.1,2655.7,2672.1,,,,,
2024-11-22,2687.5,2710.5,2685.6,2709.9,,,,,
2024-11-25,2689.4,2689.4,2616.8,2616.8,,,,,
2024-11-26,2625.6,2625.6,2620.3,2620.3,,,,,
2024-11-27,2633.5,2657.9,2627.2,2639.9,,,,,
2024-11-29,2636.4,2664.3,2620.7,2657.0,,,,,
2024-12-02,2649.0,2649.8,2621.7,2634.9,,,,,
2024-12-03,2639.0,2654.7,2636.0,2644.7,,,,,
2024-12-04,2639.2,2658.3,2637.0,2653.8,,,,,
2024-12-05,2652.4,2655.0,2625.7,2626.6,,,,,
2024-12-06,2620.2,2643.1,2617.5,2638.6,,,,,
2024-12-09,2632.1,2677.1,2630.8,2664.9,,,,,
2024-12-10,2662.3,2698.2,2661.0,2697.6,,,,,
2024-12-11,2701.8,2733.8,2693.1,2733.8,,,,,
2024-12-12,2725.1,2725.1,2677.4,2687.5,,,,,
2024-12-13,2688.2,2689.3,2647.9,2656.0,,,,,
2024-12-16,2658.3,2663.3,2651.0,2651.4,,,,,
2024-12-17,2651.8,2652.3,2632.5,2644.4,,,,,
2024-12-18,2644.3,2647.1,2590.2,2636.5,,,,,
2024-12-19,2582.1,2610.3,2582.1,2592.2,,,,,
2024-12-20,2605.3,2631.6,2604.9,2628.7,,,,,
2024-12-23,2620.0,2627.7,2611.1,2612.3,,,,,
2024-12-24,2613.0,2620.0,2609.5,2620.0,,,,,
2024-12-26,2628.5,2638.8,2627.9,2638.8,,,,,
2024-12-27,2617.7,2617.7,2616.4,2617.2,,,,,
2024-12-30,2620.7,2626.9,2597.0,2606.1,,,,,
2024-12-31,2608.4,2629.2,2604.9,2629.2,,,,,
2025-01-02,2633.0,2663.1,2633.0,2658.9,,,,,
2025-01-03,2658.7,2658.7,2641.8,2645.0,,,,,
2025-01-06,2645.5,2647.0,2617.3,2638.4,,,,,
2025-01-07,2653.4,2657.5,2653.0,2656.7,,,,,
2025-01-08,2655.5,2676.9,2653.5,2664.5,,,,,
2025-01-09,2669.7,2686.3,2667.9,2683.8,,,,,
2025-01-10,2686.1,2720.1,2683.7,2708.5,,,,,
2025-01-13,2711.1,2711.2,2673.5,2673.5,,,,,
2025-01-14,2673.6,2688.3,2670.8,2677.5,,,,,
2025-01-15,2690.8,2712.5,2690.8,2712.5,,,,,
2025-01-16,2731.7,2749.8,2731.7,2746.4,,,,,
2025-01-17,2736.0,2751.6,2725.5,2744.3,,,,,
2025-01-20,2746.0,2746.9,2724.8,2730.3,,,,,
2025-01-21,2746.0,2755.0,2724.8,2755.0,,,,,
2025-01-22,2754.5,2768.8,2753.5,2767.6,,,,,
2025-01-23,2760.0,2765.0,2745.4,2763.1,,,,,
2025-01-24,2759.8,2792.0,2759.8,2777.3,,,,,
2025-01-28,2742.4,2774.0,2737.4,2771.8,,,,,
